2,541-2058-1-ND,R16|R18
3,311-1.00KCRCT-ND,R3|R5|R8
1,296-17617-1-ND,U4
3,CON-SMA-EDGE-S-ND,J3|J4|J5
1,296-36750-1-ND,U3
1,311-1.37KCRCT-ND,R4
1,478-3768-1-ND,C36
1,311-10.0MCRCT-ND,R11
1,YAG3361CT-ND,R1
2,296-13010-1-ND,U10|U11
1,311-100KCRCT-ND,R2
4,296-13254-1-ND,U6|U7|U8|U9
6,490-10516-1-ND,C18|C19|C2|C34|C44|C45
1,296-13371-1-ND,U2
1,296-1345-1-ND,U1
1,151-1206-1-ND,J1
5,478-7953-1-ND,C39|C40|C41|C42|C43
7,311-2.20KCRCT-ND,R10|R13|R14|R15|R6|R7|R9
1,732-1629-1-ND,L1
2,MMBT3904-FDICT-ND,Q1|Q2
2,296-26806-1-ND,U16|U5
4,296-1063-1-ND,U12|U13|U14|U15
1,311-56.0KCRCT-ND,R12
1,RLB1314-153KL-ND,L2
1,CBAT54SCT-ND,D1
2,TNP1.00KABCT-ND,R19|R20
35,478-7609-1-ND,C1|C10|C11|C12|C13|C14|C15|C16|C17|C20|C21|C22|C23|C24|C25|C26|C27|C28|C29|C3|C30|C31|C32|C33|C35|C37|C38|C4|C46|C47|C5|C6|C7|C8|C9
2,311-100CRCT-ND,R17|R21
